{"cameraMode":{"drawMode":0,"name":"Shaded","section":"Shading Mode"},"sceneLighting":true,"audioPlay":false,"sceneViewState":{"m_AlwaysRefresh":false,"showFog":true,"showSkybox":true,"showFlares":true,"showImageEffects":true,"showParticleSystems":true,"showVisualEffectGraphs":true,"m_FxEnabled":true},"in2DMode":false,"pivot":{"x":1.1623125076293946,"y":2.6181447505950929,"z":2.0205307006835939},"rotation":{"x":0.1319873332977295,"y":0.44692710041999819,"z":-0.0668640211224556,"w":0.8822673559188843},"size":5.724745750427246,"orthographic":false}